id	name	year	data1	data2
A00	Burgwallen-Oude Zijde	2005	3684	2177
A01	Burgwallen-Nieuwe Zijde	2005	3361	1889
A02	Grachtengordel-West	2005	7804	4531
A03	Grachtengordel-Zuid	2005	5123	2829
A04	Nieuwmarkt/Lastage	2005	8819	4643
A05	Haarlemmerbuurt	2005	7174	3650
A06	Jordaan	2005	18772	9535
A07	De Weteringschans	2005	6855	3615
A08	Weesperbuurt/Plantage	2005	7829	3859
A09	Oostelijke Eilanden/Kadijken	2005	11852	6080
B10	Westelijk Havengebied	2005	249	165
E12	Houthavens	2005	1049	531
E13	Spaarndammer- en Zeeheldenbuurt	2005	10459	5246
E14	Staatsliedenbuurt	2005	12120	6317
E15	Centrale Markt	2005	2296	1083
E16	Frederik Hendrikbuurt	2005	7625	3852
E17	Da Costabuurt	2005	4314	2163
E18	Kinkerbuurt	2005	5224	2722
E19	Van Lennepbuurt	2005	6632	3332
E20	Helmersbuurt	2005	6773	3240
E21	Overtoomse Sluis	2005	7157	3504
E22	Vondelbuurt	2005	1740	901
E36	Sloterdijk	2005	115	60
E37	Landlust	2005	18181	9135
E38	Erasmuspark	2005	5371	2649
E39	De Kolenkit	2005	7350	3772
E40	Geuzenbuurt	2005	6294	3116
E41	Van Galenbuurt	2005	5656	2818
E42	Hoofdweg e,o,	2005	10220	5079
E43	Westindische Buurt	2005	6461	3079
E75	Chassébuurt	2005	5841	2854
F11	Bedrijventerrein Sloterdijk	2005	69	39
F76	Slotermeer-Noordoost	2005	9010	4540
F77	Slotermeer-Zuidwest	2005	16191	7952
F78	Geuzenveld	2005	13344	6550
F79	Eendracht	2005	2341	1157
F80	Lutkemeer/Ookmeer	2005	875	432
F81	Osdorp-Oost	2005	14418	6720
F82	Osdorp-Midden	2005	9659	4640
F83	De Punt	2005	4850	2271
F84	Middelveldsche Akerpolder	2005	14272	7063
F85	Slotervaart-Noord	2005	7612	3740
F86	Overtoomse Veld	2005	9617	4719
F87	Westlandgracht	2005	5490	2776
F88	Sloter-/Riekerpolder	2005	14070	6990
F89	Slotervaart-Zuid	2005	8445	3795
K23	Zuidas	2005	74	33
K24	Oude Pijp	2005	13840	7185
K25	Nieuwe Pijp	2005	11448	5713
K26	Zuid-Pijp	2005	8231	3940
K44	Hoofddorppleinbuurt	2005	10771	4956
K45	Schinkelbuurt	2005	3786	1846
K46	Willemspark	2005	5125	2493
K47	Museumkwartier	2005	12673	6069
K48	Stadionbuurt	2005	9726	4458
K49	Apollobuurt	2005	8096	3797
K52	Scheldebuurt	2005	13237	5935
K53	IJselbuurt	2005	5166	2459
K54	Rijnbuurt	2005	8575	3946
K59	Prinses Irenebuurt e,o,	2005	1123	505
K90	Buitenveldert-West	2005	11692	5188
K91	Buitenveldert-Oost	2005	7174	3207
M27	Weesperzijde	2005	4501	2298
M28	Oosterparkbuurt	2005	10631	5465
M29	Dapperbuurt	2005	8441	4299
M30	Transvaalbuurt	2005	9664	4869
M31	Indische Buurt-West	2005	12749	6694
M32	Indische Buurt-Oost	2005	10712	5441
M33	Oostelijk Havengebied	2005	16524	8418
M34	Zeeburgereiland/Nieuwe diep	2005	568	349
M35	IJburg-West	2005	1650	829
M50	IJburg-Oost	2005		0
M51	IJburg-Zuid	2005		0
M55	Frankendael	2005	9423	4474
M56	Middenmeer	2005	11890	5659
M57	Betondorp	2005	3094	1476
M58	Omval/Overamstel	2005	1035	622
N60	Volewijck	2005	10166	5002
N61	IJplein/Vogelbuurt	2005	8247	4137
N62	Tuindorp Nieuwendam	2005	3420	1560
N63	Tuindorp Buiksloot	2005	1928	937
N64	Nieuwendammerdijk/Buiksloterdijk	2005	1576	782
N65	Tuindorp Oostzaan	2005	9305	4457
N66	Oostzanerwerf	2005	9040	4430
N67	Kadoelen	2005	2853	1366
N68	Waterlandpleinbuurt	2005	13423	6330
N69	Buikslotermeer	2005	10694	4975
N70	Banne Buiksloot	2005	13812	6448
N71	Noordelijke IJ-oevers-West	2005	314	163
N72	Noordelijke IJ-oevers-Oost	2005	149	84
N73	Waterland	2005	2085	1083
N74	Elzenhagen	2005	1107	540
T92	Amstel III/Bullewijk	2005	110	67
T93	Bijlmer-Centrum (D,F,H)	2005	21953	11006
T94	Bijlmer-Oost (E,G,K)	2005	23631	11947
T95	Nellestein	2005	2724	1390
T96	Holendrecht/Reigersbos	2005	18366	8564
T97	Gein	2005	12262	5904
T98	Driemond	2005	1504	740
Z99	buiten beschouwing	2005		0
A00	Burgwallen-Oude Zijde	2006	3737	2205
A01	Burgwallen-Nieuwe Zijde	2006	3471	1958
A02	Grachtengordel-West	2006	7862	4585
A03	Grachtengordel-Zuid	2006	5147	2831
A04	Nieuwmarkt/Lastage	2006	8812	4610
A05	Haarlemmerbuurt	2006	7127	3633
A06	Jordaan	2006	18882	9578
A07	De Weteringschans	2006	6883	3616
A08	Weesperbuurt/Plantage	2006	7704	3790
A09	Oostelijke Eilanden/Kadijken	2006	12379	6341
B10	Westelijk Havengebied	2006	239	150
E12	Houthavens	2006	1702	801
E13	Spaarndammer- en Zeeheldenbuurt	2006	10327	5170
E14	Staatsliedenbuurt	2006	12094	6272
E15	Centrale Markt	2006	2363	1106
E16	Frederik Hendrikbuurt	2006	7568	3799
E17	Da Costabuurt	2006	4261	2144
E18	Kinkerbuurt	2006	5181	2709
E19	Van Lennepbuurt	2006	6536	3262
E20	Helmersbuurt	2006	6839	3297
E21	Overtoomse Sluis	2006	7156	3525
E22	Vondelbuurt	2006	1746	904
E36	Sloterdijk	2006	128	72
E37	Landlust	2006	18326	9315
E38	Erasmuspark	2006	5177	2544
E39	De Kolenkit	2006	6846	3469
E40	Geuzenbuurt	2006	6244	3061
E41	Van Galenbuurt	2006	5628	2769
E42	Hoofdweg e,o,	2006	10281	5115
E43	Westindische Buurt	2006	6440	3071
E75	Chassébuurt	2006	5654	2737
F11	Bedrijventerrein Sloterdijk	2006	66	41
F76	Slotermeer-Noordoost	2006	9106	4620
F77	Slotermeer-Zuidwest	2006	16285	8021
F78	Geuzenveld	2006	13481	6626
F79	Eendracht	2006	2348	1153
F80	Lutkemeer/Ookmeer	2006	892	438
F81	Osdorp-Oost	2006	14380	6714
F82	Osdorp-Midden	2006	10295	4944
F83	De Punt	2006	4902	2314
F84	Middelveldsche Akerpolder	2006	14364	7091
F85	Slotervaart-Noord	2006	7612	3744
F86	Overtoomse Veld	2006	9516	4712
F87	Westlandgracht	2006	5156	2626
F88	Sloter-/Riekerpolder	2006	13972	6936
F89	Slotervaart-Zuid	2006	8603	3903
K23	Zuidas	2006	87	43
K24	Oude Pijp	2006	13616	7060
K25	Nieuwe Pijp	2006	11348	5592
K26	Zuid-Pijp	2006	8221	3922
K44	Hoofddorppleinbuurt	2006	10742	4955
K45	Schinkelbuurt	2006	3719	1798
K46	Willemspark	2006	5149	2535
K47	Museumkwartier	2006	12653	6026
K48	Stadionbuurt	2006	10133	4671
K49	Apollobuurt	2006	8013	3770
K52	Scheldebuurt	2006	13176	5948
K53	IJselbuurt	2006	5122	2442
K54	Rijnbuurt	2006	8504	3918
K59	Prinses Irenebuurt e,o,	2006	1155	538
K90	Buitenveldert-West	2006	11646	5210
K91	Buitenveldert-Oost	2006	7195	3204
M27	Weesperzijde	2006	4414	2237
M28	Oosterparkbuurt	2006	10384	5329
M29	Dapperbuurt	2006	8427	4275
M30	Transvaalbuurt	2006	9606	4841
M31	Indische Buurt-West	2006	12643	6627
M32	Indische Buurt-Oost	2006	10600	5405
M33	Oostelijk Havengebied	2006	16649	8495
M34	Zeeburgereiland/Nieuwe diep	2006	426	212
M35	IJburg-West	2006	3183	1607
M50	IJburg-Oost	2006		0
M51	IJburg-Zuid	2006		0
M55	Frankendael	2006	9326	4405
M56	Middenmeer	2006	11972	5728
M57	Betondorp	2006	3098	1486
M58	Omval/Overamstel	2006	1401	800
N60	Volewijck	2006	9944	4928
N61	IJplein/Vogelbuurt	2006	8136	4081
N62	Tuindorp Nieuwendam	2006	3428	1578
N63	Tuindorp Buiksloot	2006	1905	938
N64	Nieuwendammerdijk/Buiksloterdijk	2006	1579	785
N65	Tuindorp Oostzaan	2006	9423	4537
N66	Oostzanerwerf	2006	8882	4286
N67	Kadoelen	2006	2895	1379
N68	Waterlandpleinbuurt	2006	13235	6184
N69	Buikslotermeer	2006	10639	4949
N70	Banne Buiksloot	2006	13790	6453
N71	Noordelijke IJ-oevers-West	2006	617	298
N72	Noordelijke IJ-oevers-Oost	2006	145	78
N73	Waterland	2006	2076	1073
N74	Elzenhagen	2006	1100	538
T92	Amstel III/Bullewijk	2006	117	73
T93	Bijlmer-Centrum (D,F,H)	2006	21313	10702
T94	Bijlmer-Oost (E,G,K)	2006	22739	11359
T95	Nellestein	2006	2760	1394
T96	Holendrecht/Reigersbos	2006	18273	8505
T97	Gein	2006	12188	5850
T98	Driemond	2006	1517	745
Z99	buiten beschouwing	2006		0
A00	Burgwallen-Oude Zijde	2007	3733	2163
A01	Burgwallen-Nieuwe Zijde	2007	3505	1959
A02	Grachtengordel-West	2007	7641	4432
A03	Grachtengordel-Zuid	2007	5075	2758
A04	Nieuwmarkt/Lastage	2007	8547	4481
A05	Haarlemmerbuurt	2007	6985	3568
A06	Jordaan	2007	18847	9597
A07	De Weteringschans	2007	6916	3607
A08	Weesperbuurt/Plantage	2007	7456	3713
A09	Oostelijke Eilanden/Kadijken	2007	12113	6182
B10	Westelijk Havengebied	2007	257	169
E12	Houthavens	2007	1681	785
E13	Spaarndammer- en Zeeheldenbuurt	2007	10185	5100
E14	Staatsliedenbuurt	2007	12098	6219
E15	Centrale Markt	2007	2442	1122
E16	Frederik Hendrikbuurt	2007	7652	3837
E17	Da Costabuurt	2007	4240	2143
E18	Kinkerbuurt	2007	5060	2614
E19	Van Lennepbuurt	2007	6615	3296
E20	Helmersbuurt	2007	6814	3269
E21	Overtoomse Sluis	2007	7093	3455
E22	Vondelbuurt	2007	1707	880
E36	Sloterdijk	2007	139	81
E37	Landlust	2007	18099	9151
E38	Erasmuspark	2007	5074	2514
E39	De Kolenkit	2007	7021	3553
E40	Geuzenbuurt	2007	6274	3063
E41	Van Galenbuurt	2007	5499	2743
E42	Hoofdweg e,o,	2007	10072	4991
E43	Westindische Buurt	2007	6415	3053
E75	Chassébuurt	2007	5587	2702
F11	Bedrijventerrein Sloterdijk	2007	78	47
F76	Slotermeer-Noordoost	2007	9137	4672
F77	Slotermeer-Zuidwest	2007	16077	7963
F78	Geuzenveld	2007	13799	6800
F79	Eendracht	2007	2320	1128
F80	Lutkemeer/Ookmeer	2007	894	439
F81	Osdorp-Oost	2007	14020	6527
F82	Osdorp-Midden	2007	10590	5019
F83	De Punt	2007	4967	2381
F84	Middelveldsche Akerpolder	2007	14373	7060
F85	Slotervaart-Noord	2007	7650	3796
F86	Overtoomse Veld	2007	9693	4798
F87	Westlandgracht	2007	4505	2330
F88	Sloter-/Riekerpolder	2007	13947	6918
F89	Slotervaart-Zuid	2007	8757	4000
K23	Zuidas	2007	83	43
K24	Oude Pijp	2007	13659	7010
K25	Nieuwe Pijp	2007	11352	5587
K26	Zuid-Pijp	2007	8181	3914
K44	Hoofddorppleinbuurt	2007	10648	4903
K45	Schinkelbuurt	2007	3728	1809
K46	Willemspark	2007	5161	2542
K47	Museumkwartier	2007	12631	6017
K48	Stadionbuurt	2007	10223	4707
K49	Apollobuurt	2007	8050	3795
K52	Scheldebuurt	2007	13099	5941
K53	IJselbuurt	2007	5026	2396
K54	Rijnbuurt	2007	8567	3946
K59	Prinses Irenebuurt e,o,	2007	1185	544
K90	Buitenveldert-West	2007	11717	5264
K91	Buitenveldert-Oost	2007	7107	3139
M27	Weesperzijde	2007	4346	2238
M28	Oosterparkbuurt	2007	10401	5344
M29	Dapperbuurt	2007	8252	4159
M30	Transvaalbuurt	2007	9413	4740
M31	Indische Buurt-West	2007	12448	6465
M32	Indische Buurt-Oost	2007	10620	5397
M33	Oostelijk Havengebied	2007	17086	8749
M34	Zeeburgereiland/Nieuwe diep	2007	455	220
M35	IJburg-West	2007	6091	3010
M50	IJburg-Oost	2007		0
M51	IJburg-Zuid	2007		0
M55	Frankendael	2007	9242	4389
M56	Middenmeer	2007	11979	5711
M57	Betondorp	2007	3053	1445
M58	Omval/Overamstel	2007	2112	1116
N60	Volewijck	2007	9732	4834
N61	IJplein/Vogelbuurt	2007	8331	4197
N62	Tuindorp Nieuwendam	2007	3438	1574
N63	Tuindorp Buiksloot	2007	1884	925
N64	Nieuwendammerdijk/Buiksloterdijk	2007	1590	788
N65	Tuindorp Oostzaan	2007	9489	4575
N66	Oostzanerwerf	2007	8939	4344
N67	Kadoelen	2007	2905	1397
N68	Waterlandpleinbuurt	2007	13055	6163
N69	Buikslotermeer	2007	10587	4925
N70	Banne Buiksloot	2007	13693	6461
N71	Noordelijke IJ-oevers-West	2007	611	285
N72	Noordelijke IJ-oevers-Oost	2007	136	75
N73	Waterland	2007	2129	1094
N74	Elzenhagen	2007	1104	543
T92	Amstel III/Bullewijk	2007	113	74
T93	Bijlmer-Centrum (D,F,H)	2007	20406	10274
T94	Bijlmer-Oost (E,G,K)	2007	22970	11382
T95	Nellestein	2007	2716	1365
T96	Holendrecht/Reigersbos	2007	18238	8471
T97	Gein	2007	11989	5783
T98	Driemond	2007	1485	725
Z99	buiten beschouwing	2007		0
A00	Burgwallen-Oude Zijde	2008	3754	2147
A01	Burgwallen-Nieuwe Zijde	2008	3726	2177
A02	Grachtengordel-West	2008	7409	4266
A03	Grachtengordel-Zuid	2008	5012	2726
A04	Nieuwmarkt/Lastage	2008	8667	4537
A05	Haarlemmerbuurt	2008	7191	3649
A06	Jordaan	2008	18685	9520
A07	De Weteringschans	2008	6880	3554
A08	Weesperbuurt/Plantage	2008	7501	3715
A09	Oostelijke Eilanden/Kadijken	2008	12492	6356
B10	Westelijk Havengebied	2008	253	165
E12	Houthavens	2008	1817	842
E13	Spaarndammer- en Zeeheldenbuurt	2008	10002	5012
E14	Staatsliedenbuurt	2008	12094	6174
E15	Centrale Markt	2008	2616	1222
E16	Frederik Hendrikbuurt	2008	7791	3905
E17	Da Costabuurt	2008	4349	2177
E18	Kinkerbuurt	2008	5028	2577
E19	Van Lennepbuurt	2008	6630	3307
E20	Helmersbuurt	2008	6788	3268
E21	Overtoomse Sluis	2008	7007	3414
E22	Vondelbuurt	2008	1682	869
E36	Sloterdijk	2008	135	76
E37	Landlust	2008	17830	9016
E38	Erasmuspark	2008	5068	2498
E39	De Kolenkit	2008	7045	3566
E40	Geuzenbuurt	2008	6304	3109
E41	Van Galenbuurt	2008	5414	2686
E42	Hoofdweg e,o,	2008	10039	4980
E43	Westindische Buurt	2008	6353	3035
E75	Chassébuurt	2008	5657	2762
F11	Bedrijventerrein Sloterdijk	2008	74	46
F76	Slotermeer-Noordoost	2008	9155	4665
F77	Slotermeer-Zuidwest	2008	15707	7752
F78	Geuzenveld	2008	14115	6974
F79	Eendracht	2008	2333	1141
F80	Lutkemeer/Ookmeer	2008	878	435
F81	Osdorp-Oost	2008	14141	6611
F82	Osdorp-Midden	2008	11485	5465
F83	De Punt	2008	4971	2386
F84	Middelveldsche Akerpolder	2008	14359	7069
F85	Slotervaart-Noord	2008	7591	3763
F86	Overtoomse Veld	2008	9808	4830
F87	Westlandgracht	2008	4581	2367
F88	Sloter-/Riekerpolder	2008	13955	6915
F89	Slotervaart-Zuid	2008	8895	4107
K23	Zuidas	2008	96	49
K24	Oude Pijp	2008	13712	7006
K25	Nieuwe Pijp	2008	11295	5497
K26	Zuid-Pijp	2008	8137	3891
K44	Hoofddorppleinbuurt	2008	10663	4894
K45	Schinkelbuurt	2008	3717	1803
K46	Willemspark	2008	5220	2586
K47	Museumkwartier	2008	12406	5885
K48	Stadionbuurt	2008	10099	4679
K49	Apollobuurt	2008	8070	3795
K52	Scheldebuurt	2008	13300	6071
K53	IJselbuurt	2008	5085	2442
K54	Rijnbuurt	2008	8568	3961
K59	Prinses Irenebuurt e,o,	2008	1153	536
K90	Buitenveldert-West	2008	11822	5326
K91	Buitenveldert-Oost	2008	7111	3159
M27	Weesperzijde	2008	4550	2341
M28	Oosterparkbuurt	2008	10215	5166
M29	Dapperbuurt	2008	8111	4037
M30	Transvaalbuurt	2008	9329	4709
M31	Indische Buurt-West	2008	11913	6171
M32	Indische Buurt-Oost	2008	10368	5257
M33	Oostelijk Havengebied	2008	17662	9052
M34	Zeeburgereiland/Nieuwe diep	2008	464	237
M35	IJburg-West	2008	7781	3835
M50	IJburg-Oost	2008		0
M51	IJburg-Zuid	2008	485	246
M55	Frankendael	2008	9528	4485
M56	Middenmeer	2008	12164	5804
M57	Betondorp	2008	3032	1427
M58	Omval/Overamstel	2008	2115	1103
N60	Volewijck	2008	9583	4730
N61	IJplein/Vogelbuurt	2008	8366	4216
N62	Tuindorp Nieuwendam	2008	3444	1583
N63	Tuindorp Buiksloot	2008	1868	910
N64	Nieuwendammerdijk/Buiksloterdijk	2008	1588	786
N65	Tuindorp Oostzaan	2008	9893	4767
N66	Oostzanerwerf	2008	8698	4174
N67	Kadoelen	2008	2890	1385
N68	Waterlandpleinbuurt	2008	13023	6153
N69	Buikslotermeer	2008	10480	4903
N70	Banne Buiksloot	2008	13143	6231
N71	Noordelijke IJ-oevers-West	2008	609	292
N72	Noordelijke IJ-oevers-Oost	2008	126	69
N73	Waterland	2008	2126	1085
N74	Elzenhagen	2008	1093	539
T92	Amstel III/Bullewijk	2008	97	66
T93	Bijlmer-Centrum (D,F,H)	2008	20440	10261
T94	Bijlmer-Oost (E,G,K)	2008	23912	11792
T95	Nellestein	2008	2765	1394
T96	Holendrecht/Reigersbos	2008	18396	8553
T97	Gein	2008	11825	5712
T98	Driemond	2008	1487	732
Z99	buiten beschouwing	2008		0
A00	Burgwallen-Oude Zijde	2009	3783	2173
A01	Burgwallen-Nieuwe Zijde	2009	3754	2153
A02	Grachtengordel-West	2009	6316	3338
A03	Grachtengordel-Zuid	2009	5056	2724
A04	Nieuwmarkt/Lastage	2009	8783	4586
A05	Haarlemmerbuurt	2009	7918	4016
A06	Jordaan	2009	18660	9524
A07	De Weteringschans	2009	6861	3576
A08	Weesperbuurt/Plantage	2009	7618	3776
A09	Oostelijke Eilanden/Kadijken	2009	12554	6365
B10	Westelijk Havengebied	2009	238	151
E12	Houthavens	2009	1878	871
E13	Spaarndammer- en Zeeheldenbuurt	2009	9917	4939
E14	Staatsliedenbuurt	2009	11875	6022
E15	Centrale Markt	2009	2614	1220
E16	Frederik Hendrikbuurt	2009	7864	3903
E17	Da Costabuurt	2009	4350	2194
E18	Kinkerbuurt	2009	5044	2600
E19	Van Lennepbuurt	2009	6709	3341
E20	Helmersbuurt	2009	6903	3326
E21	Overtoomse Sluis	2009	7058	3435
E22	Vondelbuurt	2009	1696	877
E36	Sloterdijk	2009	184	122
E37	Landlust	2009	17514	8795
E38	Erasmuspark	2009	5531	2725
E39	De Kolenkit	2009	7219	3635
E40	Geuzenbuurt	2009	6404	3137
E41	Van Galenbuurt	2009	5460	2717
E42	Hoofdweg e,o,	2009	9988	4976
E43	Westindische Buurt	2009	6374	3079
E75	Chassébuurt	2009	5410	2657
F11	Bedrijventerrein Sloterdijk	2009	73	50
F76	Slotermeer-Noordoost	2009	9243	4756
F77	Slotermeer-Zuidwest	2009	15847	7930
F78	Geuzenveld	2009	13228	6501
F79	Eendracht	2009	2350	1146
F80	Lutkemeer/Ookmeer	2009	883	436
F81	Osdorp-Oost	2009	14444	6837
F82	Osdorp-Midden	2009	12136	5830
F83	De Punt	2009	5080	2450
F84	Middelveldsche Akerpolder	2009	14320	7060
F85	Slotervaart-Noord	2009	7640	3785
F86	Overtoomse Veld	2009	9890	4859
F87	Westlandgracht	2009	4879	2519
F88	Sloter-/Riekerpolder	2009	13934	6854
F89	Slotervaart-Zuid	2009	9098	4254
K23	Zuidas	2009	198	128
K24	Oude Pijp	2009	13665	6945
K25	Nieuwe Pijp	2009	11419	5519
K26	Zuid-Pijp	2009	8036	3866
K44	Hoofddorppleinbuurt	2009	10657	4913
K45	Schinkelbuurt	2009	3686	1788
K46	Willemspark	2009	5197	2569
K47	Museumkwartier	2009	12387	5918
K48	Stadionbuurt	2009	11796	5953
K49	Apollobuurt	2009	8047	3813
K52	Scheldebuurt	2009	13384	6133
K53	IJselbuurt	2009	5051	2431
K54	Rijnbuurt	2009	8505	3941
K59	Prinses Irenebuurt e,o,	2009	1177	538
K90	Buitenveldert-West	2009	11833	5369
K91	Buitenveldert-Oost	2009	7115	3178
M27	Weesperzijde	2009	4606	2373
M28	Oosterparkbuurt	2009	10215	5136
M29	Dapperbuurt	2009	7959	3970
M30	Transvaalbuurt	2009	9218	4673
M31	Indische Buurt-West	2009	11642	6013
M32	Indische Buurt-Oost	2009	10246	5145
M33	Oostelijk Havengebied	2009	17555	8931
M34	Zeeburgereiland/Nieuwe diep	2009	458	236
M35	IJburg-West	2009	10339	5076
M50	IJburg-Oost	2009		0
M51	IJburg-Zuid	2009	2442	1182
M55	Frankendael	2009	9626	4563
M56	Middenmeer	2009	13035	6184
M57	Betondorp	2009	3076	1439
M58	Omval/Overamstel	2009	2028	1012
N60	Volewijck	2009	9479	4713
N61	IJplein/Vogelbuurt	2009	8366	4240
N62	Tuindorp Nieuwendam	2009	3419	1573
N63	Tuindorp Buiksloot	2009	1853	899
N64	Nieuwendammerdijk/Buiksloterdijk	2009	1599	788
N65	Tuindorp Oostzaan	2009	10336	4965
N66	Oostzanerwerf	2009	8704	4202
N67	Kadoelen	2009	2892	1377
N68	Waterlandpleinbuurt	2009	12919	6098
N69	Buikslotermeer	2009	10371	4836
N70	Banne Buiksloot	2009	12732	6078
N71	Noordelijke IJ-oevers-West	2009	610	311
N72	Noordelijke IJ-oevers-Oost	2009	122	70
N73	Waterland	2009	2121	1078
N74	Elzenhagen	2009	1158	560
T92	Amstel III/Bullewijk	2009	153	114
T93	Bijlmer-Centrum (D,F,H)	2009	20666	10349
T94	Bijlmer-Oost (E,G,K)	2009	25153	12465
T95	Nellestein	2009	2757	1392
T96	Holendrecht/Reigersbos	2009	18347	8555
T97	Gein	2009	11905	5757
T98	Driemond	2009	1509	744
Z99	buiten beschouwing	2009		0
A00	Burgwallen-Oude Zijde	2010	3900	2239
A01	Burgwallen-Nieuwe Zijde	2010	4146	2421
A02	Grachtengordel-West	2010	6230	3288
A03	Grachtengordel-Zuid	2010	5125	2789
A04	Nieuwmarkt/Lastage	2010	8808	4596
A05	Haarlemmerbuurt	2010	8704	4397
A06	Jordaan	2010	18927	9661
A07	De Weteringschans	2010	6973	3571
A08	Weesperbuurt/Plantage	2010	7542	3774
A09	Oostelijke Eilanden/Kadijken	2010	12355	6236
B10	Westelijk Havengebied	2010	255	165
E12	Houthavens	2010	1749	787
E13	Spaarndammer- en Zeeheldenbuurt	2010	9968	4991
E14	Staatsliedenbuurt	2010	11921	5998
E15	Centrale Markt	2010	2585	1218
E16	Frederik Hendrikbuurt	2010	7834	3918
E17	Da Costabuurt	2010	4395	2232
E18	Kinkerbuurt	2010	5140	2634
E19	Van Lennepbuurt	2010	6775	3368
E20	Helmersbuurt	2010	7120	3413
E21	Overtoomse Sluis	2010	7243	3519
E22	Vondelbuurt	2010	1730	864
E36	Sloterdijk	2010	186	124
E37	Landlust	2010	17966	9011
E38	Erasmuspark	2010	5500	2722
E39	De Kolenkit	2010	7313	3702
E40	Geuzenbuurt	2010	6487	3161
E41	Van Galenbuurt	2010	5502	2713
E42	Hoofdweg e,o,	2010	10026	4956
E43	Westindische Buurt	2010	6393	3091
E75	Chassébuurt	2010	5462	2705
F11	Bedrijventerrein Sloterdijk	2010	69	46
F76	Slotermeer-Noordoost	2010	9177	4731
F77	Slotermeer-Zuidwest	2010	16069	8042
F78	Geuzenveld	2010	12822	6409
F79	Eendracht	2010	2335	1127
F80	Lutkemeer/Ookmeer	2010	880	431
F81	Osdorp-Oost	2010	15054	7153
F82	Osdorp-Midden	2010	13442	6473
F83	De Punt	2010	5113	2477
F84	Middelveldsche Akerpolder	2010	14341	7077
F85	Slotervaart-Noord	2010	7584	3728
F86	Overtoomse Veld	2010	10475	5195
F87	Westlandgracht	2010	5154	2703
F88	Sloter-/Riekerpolder	2010	13839	6787
F89	Slotervaart-Zuid	2010	8901	4185
K23	Zuidas	2010	226	142
K24	Oude Pijp	2010	13771	6984
K25	Nieuwe Pijp	2010	11539	5594
K26	Zuid-Pijp	2010	7976	3867
K44	Hoofddorppleinbuurt	2010	10846	4988
K45	Schinkelbuurt	2010	3727	1784
K46	Willemspark	2010	5233	2600
K47	Museumkwartier	2010	12560	6057
K48	Stadionbuurt	2010	12058	6031
K49	Apollobuurt	2010	8167	3821
K52	Scheldebuurt	2010	13720	6330
K53	IJselbuurt	2010	5041	2423
K54	Rijnbuurt	2010	8635	3974
K59	Prinses Irenebuurt e,o,	2010	1185	537
K90	Buitenveldert-West	2010	12062	5504
K91	Buitenveldert-Oost	2010	7062	3137
M27	Weesperzijde	2010	4648	2388
M28	Oosterparkbuurt	2010	10253	5171
M29	Dapperbuurt	2010	7975	3955
M30	Transvaalbuurt	2010	9301	4691
M31	Indische Buurt-West	2010	12061	6223
M32	Indische Buurt-Oost	2010	10425	5257
M33	Oostelijk Havengebied	2010	17670	8996
M34	Zeeburgereiland/Nieuwe diep	2010	468	242
M35	IJburg-West	2010	11842	5868
M50	IJburg-Oost	2010		0
M51	IJburg-Zuid	2010	3660	1762
M55	Frankendael	2010	9695	4608
M56	Middenmeer	2010	13526	6451
M57	Betondorp	2010	3074	1440
M58	Omval/Overamstel	2010	2017	1026
N60	Volewijck	2010	9395	4668
N61	IJplein/Vogelbuurt	2010	8310	4202
N62	Tuindorp Nieuwendam	2010	3425	1584
N63	Tuindorp Buiksloot	2010	1904	923
N64	Nieuwendammerdijk/Buiksloterdijk	2010	1687	843
N65	Tuindorp Oostzaan	2010	10373	5014
N66	Oostzanerwerf	2010	8719	4233
N67	Kadoelen	2010	2907	1389
N68	Waterlandpleinbuurt	2010	12216	5761
N69	Buikslotermeer	2010	10662	4974
N70	Banne Buiksloot	2010	12518	5998
N71	Noordelijke IJ-oevers-West	2010	651	351
N72	Noordelijke IJ-oevers-Oost	2010	136	81
N73	Waterland	2010	2142	1081
N74	Elzenhagen	2010	1282	610
T92	Amstel III/Bullewijk	2010	178	136
T93	Bijlmer-Centrum (D,F,H)	2010	20830	10440
T94	Bijlmer-Oost (E,G,K)	2010	25853	12821
T95	Nellestein	2010	2839	1422
T96	Holendrecht/Reigersbos	2010	18421	8606
T97	Gein	2010	11878	5737
T98	Driemond	2010	1509	744
Z99	buiten beschouwing	2010		0
A00	Burgwallen-Oude Zijde	2011	3928	2220
A01	Burgwallen-Nieuwe Zijde	2011	4147	2397
A02	Grachtengordel-West	2011	6337	3323
A03	Grachtengordel-Zuid	2011	5293	2863
A04	Nieuwmarkt/Lastage	2011	9008	4723
A05	Haarlemmerbuurt	2011	8925	4506
A06	Jordaan	2011	18979	9663
A07	De Weteringschans	2011	7101	3668
A08	Weesperbuurt/Plantage	2011	7752	3897
A09	Oostelijke Eilanden/Kadijken	2011	12557	6293
B10	Westelijk Havengebied	2011	249	165
E12	Houthavens	2011	1943	880
E13	Spaarndammer- en Zeeheldenbuurt	2011	10319	5157
E14	Staatsliedenbuurt	2011	12094	6060
E15	Centrale Markt	2011	2595	1242
E16	Frederik Hendrikbuurt	2011	7923	3955
E17	Da Costabuurt	2011	4429	2250
E18	Kinkerbuurt	2011	5172	2627
E19	Van Lennepbuurt	2011	6824	3382
E20	Helmersbuurt	2011	7235	3460
E21	Overtoomse Sluis	2011	7479	3599
E22	Vondelbuurt	2011	1717	863
E36	Sloterdijk	2011	199	129
E37	Landlust	2011	18300	9183
E38	Erasmuspark	2011	5658	2782
E39	De Kolenkit	2011	7215	3644
E40	Geuzenbuurt	2011	6603	3233
E41	Van Galenbuurt	2011	5542	2729
E42	Hoofdweg e,o,	2011	10058	4938
E43	Westindische Buurt	2011	6464	3125
E75	Chassébuurt	2011	5550	2724
F11	Bedrijventerrein Sloterdijk	2011	102	70
F76	Slotermeer-Noordoost	2011	9302	4775
F77	Slotermeer-Zuidwest	2011	16525	8334
F78	Geuzenveld	2011	13214	6559
F79	Eendracht	2011	2338	1125
F80	Lutkemeer/Ookmeer	2011	882	432
F81	Osdorp-Oost	2011	15392	7364
F82	Osdorp-Midden	2011	14012	6726
F83	De Punt	2011	5090	2458
F84	Middelveldsche Akerpolder	2011	14249	6994
F85	Slotervaart-Noord	2011	7726	3774
F86	Overtoomse Veld	2011	10446	5173
F87	Westlandgracht	2011	5846	3009
F88	Sloter-/Riekerpolder	2011	13989	6922
F89	Slotervaart-Zuid	2011	9073	4275
K23	Zuidas	2011	507	314
K24	Oude Pijp	2011	14102	7123
K25	Nieuwe Pijp	2011	11674	5622
K26	Zuid-Pijp	2011	8032	3863
K44	Hoofddorppleinbuurt	2011	10936	5030
K45	Schinkelbuurt	2011	3761	1771
K46	Willemspark	2011	5333	2634
K47	Museumkwartier	2011	12612	6069
K48	Stadionbuurt	2011	12487	6336
K49	Apollobuurt	2011	8306	3880
K52	Scheldebuurt	2011	13873	6390
K53	IJselbuurt	2011	5040	2394
K54	Rijnbuurt	2011	8820	4094
K59	Prinses Irenebuurt e,o,	2011	1212	553
K90	Buitenveldert-West	2011	12142	5536
K91	Buitenveldert-Oost	2011	7024	3150
M27	Weesperzijde	2011	4739	2432
M28	Oosterparkbuurt	2011	10257	5159
M29	Dapperbuurt	2011	8206	4078
M30	Transvaalbuurt	2011	9248	4652
M31	Indische Buurt-West	2011	12407	6374
M32	Indische Buurt-Oost	2011	10399	5210
M33	Oostelijk Havengebied	2011	17984	9119
M34	Zeeburgereiland/Nieuwe diep	2011	756	365
M35	IJburg-West	2011	12667	6303
M50	IJburg-Oost	2011		0
M51	IJburg-Zuid	2011	4701	2257
M55	Frankendael	2011	9948	4814
M56	Middenmeer	2011	13773	6586
M57	Betondorp	2011	3107	1475
M58	Omval/Overamstel	2011	2042	1029
N60	Volewijck	2011	9403	4692
N61	IJplein/Vogelbuurt	2011	8206	4186
N62	Tuindorp Nieuwendam	2011	3429	1594
N63	Tuindorp Buiksloot	2011	1881	918
N64	Nieuwendammerdijk/Buiksloterdijk	2011	1696	851
N65	Tuindorp Oostzaan	2011	10345	4983
N66	Oostzanerwerf	2011	8483	4111
N67	Kadoelen	2011	2859	1359
N68	Waterlandpleinbuurt	2011	12177	5765
N69	Buikslotermeer	2011	10841	5056
N70	Banne Buiksloot	2011	12661	6066
N71	Noordelijke IJ-oevers-West	2011	1012	515
N72	Noordelijke IJ-oevers-Oost	2011	123	72
N73	Waterland	2011	2154	1085
N74	Elzenhagen	2011	1405	681
T92	Amstel III/Bullewijk	2011	187	139
T93	Bijlmer-Centrum (D,F,H)	2011	21226	10581
T94	Bijlmer-Oost (E,G,K)	2011	25835	12836
T95	Nellestein	2011	2914	1454
T96	Holendrecht/Reigersbos	2011	18424	8570
T97	Gein	2011	11920	5745
T98	Driemond	2011	1502	742
Z99	buiten beschouwing	2011		0
A00	Burgwallen-Oude Zijde	2012	4013	2268
A01	Burgwallen-Nieuwe Zijde	2012	4047	2301
A02	Grachtengordel-West	2012	6403	3364
A03	Grachtengordel-Zuid	2012	5264	2877
A04	Nieuwmarkt/Lastage	2012	9021	4724
A05	Haarlemmerbuurt	2012	9046	4570
A06	Jordaan	2012	19090	9700
A07	De Weteringschans	2012	7146	3672
A08	Weesperbuurt/Plantage	2012	7640	3809
A09	Oostelijke Eilanden/Kadijken	2012	12868	6447
B10	Westelijk Havengebied	2012	251	167
E12	Houthavens	2012	1909	857
E13	Spaarndammer- en Zeeheldenbuurt	2012	10583	5253
E14	Staatsliedenbuurt	2012	12400	6208
E15	Centrale Markt	2012	2587	1250
E16	Frederik Hendrikbuurt	2012	7879	3908
E17	Da Costabuurt	2012	4448	2227
E18	Kinkerbuurt	2012	5399	2711
E19	Van Lennepbuurt	2012	6937	3447
E20	Helmersbuurt	2012	7337	3504
E21	Overtoomse Sluis	2012	7547	3615
E22	Vondelbuurt	2012	1752	884
E36	Sloterdijk	2012	211	138
E37	Landlust	2012	18098	9039
E38	Erasmuspark	2012	5710	2783
E39	De Kolenkit	2012	7952	3990
E40	Geuzenbuurt	2012	6649	3226
E41	Van Galenbuurt	2012	5583	2729
E42	Hoofdweg e,o,	2012	10149	5027
E43	Westindische Buurt	2012	6404	3107
E75	Chassébuurt	2012	5650	2766
F11	Bedrijventerrein Sloterdijk	2012	103	72
F76	Slotermeer-Noordoost	2012	9301	4771
F77	Slotermeer-Zuidwest	2012	16479	8351
F78	Geuzenveld	2012	14020	7005
F79	Eendracht	2012	2327	1134
F80	Lutkemeer/Ookmeer	2012	873	425
F81	Osdorp-Oost	2012	15536	7456
F82	Osdorp-Midden	2012	14573	7010
F83	De Punt	2012	5099	2541
F84	Middelveldsche Akerpolder	2012	14207	6972
F85	Slotervaart-Noord	2012	7800	3799
F86	Overtoomse Veld	2012	10302	5072
F87	Westlandgracht	2012	6349	3268
F88	Sloter-/Riekerpolder	2012	14024	6957
F89	Slotervaart-Zuid	2012	8992	4275
K23	Zuidas	2012	699	439
K24	Oude Pijp	2012	14425	7311
K25	Nieuwe Pijp	2012	11666	5624
K26	Zuid-Pijp	2012	8047	3855
K44	Hoofddorppleinbuurt	2012	11036	5057
K45	Schinkelbuurt	2012	3732	1781
K46	Willemspark	2012	5396	2633
K47	Museumkwartier	2012	12677	6075
K48	Stadionbuurt	2012	12513	6331
K49	Apollobuurt	2012	8452	3982
K52	Scheldebuurt	2012	14025	6451
K53	IJselbuurt	2012	5147	2436
K54	Rijnbuurt	2012	8889	4129
K59	Prinses Irenebuurt e,o,	2012	1212	540
K90	Buitenveldert-West	2012	12455	5711
K91	Buitenveldert-Oost	2012	7232	3253
M27	Weesperzijde	2012	4708	2421
M28	Oosterparkbuurt	2012	10273	5167
M29	Dapperbuurt	2012	8228	4079
M30	Transvaalbuurt	2012	9190	4623
M31	Indische Buurt-West	2012	12650	6448
M32	Indische Buurt-Oost	2012	10258	5171
M33	Oostelijk Havengebied	2012	17897	9045
M34	Zeeburgereiland/Nieuwe diep	2012	802	402
M35	IJburg-West	2012	13657	6772
M50	IJburg-Oost	2012		0
M51	IJburg-Zuid	2012	5474	2618
M55	Frankendael	2012	9999	4868
M56	Middenmeer	2012	13944	6657
M57	Betondorp	2012	3089	1470
M58	Omval/Overamstel	2012	2106	1083
N60	Volewijck	2012	9394	4677
N61	IJplein/Vogelbuurt	2012	8201	4154
N62	Tuindorp Nieuwendam	2012	3418	1577
N63	Tuindorp Buiksloot	2012	1867	914
N64	Nieuwendammerdijk/Buiksloterdijk	2012	1680	840
N65	Tuindorp Oostzaan	2012	10313	4967
N66	Oostzanerwerf	2012	8635	4154
N67	Kadoelen	2012	2830	1358
N68	Waterlandpleinbuurt	2012	12308	5851
N69	Buikslotermeer	2012	10954	5105
N70	Banne Buiksloot	2012	12749	6120
N71	Noordelijke IJ-oevers-West	2012	1113	576
N72	Noordelijke IJ-oevers-Oost	2012	117	69
N73	Waterland	2012	2150	1090
N74	Elzenhagen	2012	1613	797
T92	Amstel III/Bullewijk	2012	178	127
T93	Bijlmer-Centrum (D,F,H)	2012	21894	11008
T94	Bijlmer-Oost (E,G,K)	2012	26023	12931
T95	Nellestein	2012	2953	1484
T96	Holendrecht/Reigersbos	2012	18485	8592
T97	Gein	2012	11848	5751
T98	Driemond	2012	1485	722
Z99	buiten beschouwing	2012		0
A00	Burgwallen-Oude Zijde	2013	4091	2298
A01	Burgwallen-Nieuwe Zijde	2013	4001	2236
A02	Grachtengordel-West	2013	6395	3352
A03	Grachtengordel-Zuid	2013	5316	2918
A04	Nieuwmarkt/Lastage	2013	9324	4855
A05	Haarlemmerbuurt	2013	9214	4649
A06	Jordaan	2013	19122	9669
A07	De Weteringschans	2013	7293	3725
A08	Weesperbuurt/Plantage	2013	7958	4052
A09	Oostelijke Eilanden/Kadijken	2013	12901	6441
B10	Westelijk Havengebied	2013	305	213
E12	Houthavens	2013	1706	790
E13	Spaarndammer- en Zeeheldenbuurt	2013	10645	5291
E14	Staatsliedenbuurt	2013	12504	6224
E15	Centrale Markt	2013	2558	1261
E16	Frederik Hendrikbuurt	2013	7994	3955
E17	Da Costabuurt	2013	4564	2253
E18	Kinkerbuurt	2013	5976	3167
E19	Van Lennepbuurt	2013	6914	3433
E20	Helmersbuurt	2013	7456	3524
E21	Overtoomse Sluis	2013	7605	3621
E22	Vondelbuurt	2013	1805	922
E36	Sloterdijk	2013	231	154
E37	Landlust	2013	18409	9204
E38	Erasmuspark	2013	5792	2810
E39	De Kolenkit	2013	8605	4192
E40	Geuzenbuurt	2013	6748	3251
E41	Van Galenbuurt	2013	6407	3378
E42	Hoofdweg e,o,	2013	10224	5064
E43	Westindische Buurt	2013	6443	3098
E75	Chassébuurt	2013	6094	3000
F11	Bedrijventerrein Sloterdijk	2013	96	66
F76	Slotermeer-Noordoost	2013	9408	4820
F77	Slotermeer-Zuidwest	2013	16361	8286
F78	Geuzenveld	2013	14348	7171
F79	Eendracht	2013	2343	1144
F80	Lutkemeer/Ookmeer	2013	879	438
F81	Osdorp-Oost	2013	15719	7618
F82	Osdorp-Midden	2013	14840	7177
F83	De Punt	2013	5085	2580
F84	Middelveldsche Akerpolder	2013	14289	7008
F85	Slotervaart-Noord	2013	7871	3848
F86	Overtoomse Veld	2013	10310	5076
F87	Westlandgracht	2013	7074	3677
F88	Sloter-/Riekerpolder	2013	13879	6817
F89	Slotervaart-Zuid	2013	9415	4456
K23	Zuidas	2013	919	559
K24	Oude Pijp	2013	14546	7354
K25	Nieuwe Pijp	2013	11943	5771
K26	Zuid-Pijp	2013	8148	3893
K44	Hoofddorppleinbuurt	2013	11275	5130
K45	Schinkelbuurt	2013	3721	1814
K46	Willemspark	2013	5559	2718
K47	Museumkwartier	2013	12737	6121
K48	Stadionbuurt	2013	11322	5335
K49	Apollobuurt	2013	8529	4036
K52	Scheldebuurt	2013	14326	6622
K53	IJselbuurt	2013	5155	2450
K54	Rijnbuurt	2013	8998	4142
K59	Prinses Irenebuurt e,o,	2013	1211	548
K90	Buitenveldert-West	2013	12364	5668
K91	Buitenveldert-Oost	2013	7148	3215
M27	Weesperzijde	2013	4854	2457
M28	Oosterparkbuurt	2013	10096	5090
M29	Dapperbuurt	2013	8259	4070
M30	Transvaalbuurt	2013	8918	4441
M31	Indische Buurt-West	2013	12691	6448
M32	Indische Buurt-Oost	2013	10075	5075
M33	Oostelijk Havengebied	2013	17972	9089
M34	Zeeburgereiland/Nieuwe diep	2013	837	418
M35	IJburg-West	2013	13946	6945
M50	IJburg-Oost	2013		0
M51	IJburg-Zuid	2013	6203	2964
M55	Frankendael	2013	9563	4674
M56	Middenmeer	2013	14168	6744
M57	Betondorp	2013	3087	1459
M58	Omval/Overamstel	2013	2178	1122
N60	Volewijck	2013	9366	4670
N61	IJplein/Vogelbuurt	2013	8147	4131
N62	Tuindorp Nieuwendam	2013	3393	1576
N63	Tuindorp Buiksloot	2013	1868	893
N64	Nieuwendammerdijk/Buiksloterdijk	2013	1683	850
N65	Tuindorp Oostzaan	2013	10518	5049
N66	Oostzanerwerf	2013	8734	4208
N67	Kadoelen	2013	2816	1350
N68	Waterlandpleinbuurt	2013	12544	5967
N69	Buikslotermeer	2013	10804	5028
N70	Banne Buiksloot	2013	13359	6386
N71	Noordelijke IJ-oevers-West	2013	1239	640
N72	Noordelijke IJ-oevers-Oost	2013	107	64
N73	Waterland	2013	2171	1102
N74	Elzenhagen	2013	1685	845
T92	Amstel III/Bullewijk	2013	236	156
T93	Bijlmer-Centrum (D,F,H)	2013	22875	11408
T94	Bijlmer-Oost (E,G,K)	2013	26267	13068
T95	Nellestein	2013	2970	1510
T96	Holendrecht/Reigersbos	2013	18265	8485
T97	Gein	2013	11652	5674
T98	Driemond	2013	1478	722
Z99	buiten beschouwing	2013		0
T92	Amstel III/Bullewijk	2014	243	169
K49	Apollobuurt	2014	8647	4113
N70	Banne Buiksloot	2014	13557	6519
F11	Bedrijventerrein Sloterdijk	2014	92	59
M57	Betondorp	2014	3147	1494
T93	Bijlmer-Centrum (D,F,H)	2014	22943	11476
T94	Bijlmer-Oost (E,G,K)	2014	26548	13210
N69	Buikslotermeer	2014	10947	5119
Z99	buiten beschouwing	2014		0
K91	Buitenveldert-Oost	2014	7200	3285
K90	Buitenveldert-West	2014	12487	5742
A01	Burgwallen-Nieuwe Zijde	2014	4103	2267
A00	Burgwallen-Oude Zijde	2014	4194	2306
E15	Centrale Markt	2014	2537	1233
E75	Chassébuurt	2014	6189	3051
E17	Da Costabuurt	2014	4659	2295
M29	Dapperbuurt	2014	8408	4172
E39	De Kolenkit	2014	9293	4544
F83	De Punt	2014	5252	2647
A07	De Weteringschans	2014	7299	3746
T98	Driemond	2014	1497	724
F79	Eendracht	2014	2337	1134
N74	Elzenhagen	2014	1812	915
E38	Erasmuspark	2014	5775	2792
M55	Frankendael	2014	9858	4785
E16	Frederik Hendrikbuurt	2014	8143	4007
T97	Gein	2014	11587	5651
E40	Geuzenbuurt	2014	6775	3220
F78	Geuzenveld	2014	14368	7178
A02	Grachtengordel-West	2014	6396	3378
A03	Grachtengordel-Zuid	2014	5394	2924
A05	Haarlemmerbuurt	2014	9320	4681
E20	Helmersbuurt	2014	7474	3547
T96	Holendrecht/Reigersbos	2014	18255	8539
K44	Hoofddorppleinbuurt	2014	11368	5213
E42	Hoofdweg e,o,	2014	10382	5130
E12	Houthavens	2014	1585	720
M50	IJburg-Oost	2014		0
M35	IJburg-West	2014	14159	7021
M51	IJburg-Zuid	2014	6572	3149
N61	IJplein/Vogelbuurt	2014	8206	4187
K53	IJselbuurt	2014	5221	2446
M32	Indische Buurt-Oost	2014	10044	5020
M31	Indische Buurt-West	2014	12732	6457
A06	Jordaan	2014	19343	9795
N67	Kadoelen	2014	2835	1367
E18	Kinkerbuurt	2014	6129	3240
E37	Landlust	2014	18578	9290
F80	Lutkemeer/Ookmeer	2014	850	422
F84	Middelveldsche Akerpolder	2014	14380	7073
M56	Middenmeer	2014	14920	7084
K47	Museumkwartier	2014	12895	6231
T95	Nellestein	2014	2998	1539
K25	Nieuwe Pijp	2014	12099	5773
N64	Nieuwendammerdijk/Buiksloterdijk	2014	1693	837
A04	Nieuwmarkt/Lastage	2014	9443	4926
N72	Noordelijke IJ-oevers-Oost	2014	116	68
N71	Noordelijke IJ-oevers-West	2014	1340	716
M58	Omval/Overamstel	2014	2549	1293
M33	Oostelijk Havengebied	2014	18509	9403
A09	Oostelijke Eilanden/Kadijken	2014	12676	6369
M28	Oosterparkbuurt	2014	10470	5265
N66	Oostzanerwerf	2014	8727	4248
F82	Osdorp-Midden	2014	15155	7352
F81	Osdorp-Oost	2014	15847	7681
K24	Oude Pijp	2014	14824	7466
E21	Overtoomse Sluis	2014	7720	3721
F86	Overtoomse Veld	2014	11266	5573
K59	Prinses Irenebuurt e,o,	2014	1236	557
K54	Rijnbuurt	2014	9068	4163
K52	Scheldebuurt	2014	14541	6720
K45	Schinkelbuurt	2014	3735	1796
F88	Sloter-/Riekerpolder	2014	13898	6810
E36	Sloterdijk	2014	196	135
F76	Slotermeer-Noordoost	2014	9451	4854
F77	Slotermeer-Zuidwest	2014	16593	8437
F85	Slotervaart-Noord	2014	7913	3926
F89	Slotervaart-Zuid	2014	9504	4492
E13	Spaarndammer- en Zeeheldenbuurt	2014	10695	5354
E14	Staatsliedenbuurt	2014	12754	6392
K48	Stadionbuurt	2014	11371	5362
M30	Transvaalbuurt	2014	9063	4491
N63	Tuindorp Buiksloot	2014	1847	884
N62	Tuindorp Nieuwendam	2014	3454	1614
N65	Tuindorp Oostzaan	2014	10698	5139
E41	Van Galenbuurt	2014	6669	3553
E19	Van Lennepbuurt	2014	7077	3492
N60	Volewijck	2014	9589	4774
E22	Vondelbuurt	2014	1864	950
N73	Waterland	2014	2172	1102
N68	Waterlandpleinbuurt	2014	12913	6181
A08	Weesperbuurt/Plantage	2014	7931	4094
M27	Weesperzijde	2014	4892	2475
B10	Westelijk Havengebied	2014	242	168
E43	Westindische Buurt	2014	6604	3170
F87	Westlandgracht	2014	7183	3795
K46	Willemspark	2014	5615	2758
M34	Zeeburgereiland/Nieuwe diep	2014	834	404
K26	Zuid-Pijp	2014	8197	3935
K23	Zuidas	2014	1019	626
A00	Burgwallen-Oude Zijde	2015	4262	2316
A01	Burgwallen-Nieuwe Zijde	2015	4199	2284
A02	Grachtengordel-West	2015	6429	3384
A03	Grachtengordel-Zuid	2015	5388	2921
A04	Nieuwmarkt/Lastage	2015	9539	4982
A05	Haarlemmerbuurt	2015	9294	4679
A06	Jordaan	2015	19401	9777
A07	De Weteringschans	2015	7357	3760
A08	Weesperbuurt/Plantage	2015	7845	4030
A09	Oostelijke Eilanden/Kadijken	2015	12704	6370
B10	Westelijk Havengebied	2015	202	136
E12	Houthavens	2015	1602	732
E13	Spaarndammer- en Zeeheldenbuurt	2015	10761	5343
E14	Staatsliedenbuurt	2015	13056	6518
E15	Centrale Markt	2015	2534	1240
E16	Frederik Hendrikbuurt	2015	8377	4129
E17	Da Costabuurt	2015	4661	2337
E18	Kinkerbuurt	2015	6208	3305
E19	Van Lennepbuurt	2015	7131	3513
E20	Helmersbuurt	2015	7527	3591
E21	Overtoomse Sluis	2015	7747	3757
E22	Vondelbuurt	2015	1898	955
E36	Sloterdijk	2015	503	305
E37	Landlust	2015	18742	9340
E38	Erasmuspark	2015	5898	2859
E39	De Kolenkit	2015	9220	4484
E40	Geuzenbuurt	2015	6751	3206
E41	Van Galenbuurt	2015	6749	3591
E42	Hoofdweg e,o,	2015	10440	5181
E43	Westindische Buurt	2015	6793	3257
E75	Chassébuurt	2015	6234	3026
F11	Bedrijventerrein Sloterdijk	2015	104	71
F76	Slotermeer-Noordoost	2015	9469	4837
F77	Slotermeer-Zuidwest	2015	17015	8671
F78	Geuzenveld	2015	15041	7528
F79	Eendracht	2015	2329	1143
F80	Lutkemeer/Ookmeer	2015	847	422
F81	Osdorp-Oost	2015	15756	7622
F82	Osdorp-Midden	2015	15743	7625
F83	De Punt	2015	5494	2775
F84	Middelveldsche Akerpolder	2015	14403	7093
F85	Slotervaart-Noord	2015	7985	3996
F86	Overtoomse Veld	2015	11704	5831
F87	Westlandgracht	2015	7448	3933
F88	Sloter-/Riekerpolder	2015	13846	6774
F89	Slotervaart-Zuid	2015	9617	4626
K23	Zuidas	2015	1280	779
K24	Oude Pijp	2015	14977	7541
K25	Nieuwe Pijp	2015	12247	5882
K26	Zuid-Pijp	2015	8237	3922
K44	Hoofddorppleinbuurt	2015	11539	5343
K45	Schinkelbuurt	2015	3801	1807
K46	Willemspark	2015	5698	2802
K47	Museumkwartier	2015	12883	6242
K48	Stadionbuurt	2015	11572	5464
K49	Apollobuurt	2015	8644	4111
K52	Scheldebuurt	2015	14718	6772
K53	IJselbuurt	2015	5211	2467
K54	Rijnbuurt	2015	9060	4150
K59	Prinses Irenebuurt e,o,	2015	1279	571
K90	Buitenveldert-West	2015	12662	5855
K91	Buitenveldert-Oost	2015	7630	3512
M27	Weesperzijde	2015	4990	2539
M28	Oosterparkbuurt	2015	10796	5410
M29	Dapperbuurt	2015	8944	4429
M30	Transvaalbuurt	2015	9115	4499
M31	Indische Buurt-West	2015	12668	6400
M32	Indische Buurt-Oost	2015	10156	5067
M33	Oostelijk Havengebied	2015	18358	9235
M34	Zeeburgereiland/Nieuwe diep	2015	989	505
M35	IJburg-West	2015	14234	7044
M50	IJburg-Oost	2015		0
M51	IJburg-Zuid	2015	6758	3235
M55	Frankendael	2015	10370	5049
M56	Middenmeer	2015	15214	7204
M57	Betondorp	2015	3176	1505
M58	Omval/Overamstel	2015	2922	1463
N60	Volewijck	2015	9679	4797
N61	IJplein/Vogelbuurt	2015	8226	4185
N62	Tuindorp Nieuwendam	2015	3499	1626
N63	Tuindorp Buiksloot	2015	1871	896
N64	Nieuwendammerdijk/Buiksloterdijk	2015	1679	827
N65	Tuindorp Oostzaan	2015	10876	5254
N66	Oostzanerwerf	2015	8739	4247
N67	Kadoelen	2015	2843	1362
N68	Waterlandpleinbuurt	2015	13055	6272
N69	Buikslotermeer	2015	10819	5112
N70	Banne Buiksloot	2015	13840	6674
N71	Noordelijke IJ-oevers-West	2015	1524	829
N72	Noordelijke IJ-oevers-Oost	2015	142	85
N73	Waterland	2015	2184	1113
N74	Elzenhagen	2015	2348	1197
T92	Amstel III/Bullewijk	2015	280	193
T93	Bijlmer-Centrum (D,F,H)	2015	23171	11663
T94	Bijlmer-Oost (E,G,K)	2015	26787	13338
T95	Nellestein	2015	3008	1548
T96	Holendrecht/Reigersbos	2015	18271	8563
T97	Gein	2015	11560	5661
T98	Driemond	2015	1490	719
Z99	buiten beschouwing	2015		0
A00	Burgwallen-Oude Zijde	2016	4290	2349
A01	Burgwallen-Nieuwe Zijde	2016	3981	2166
A02	Grachtengordel-West	2016	6483	3417
A03	Grachtengordel-Zuid	2016	5455	2972
A04	Nieuwmarkt/Lastage	2016	9618	5000
A05	Haarlemmerbuurt	2016	9314	4710
A06	Jordaan	2016	19408	9810
A07	De Weteringschans	2016	7352	3786
A08	Weesperbuurt/Plantage	2016	7943	4128
A09	Oostelijke Eilanden/Kadijken	2016	12655	6348
B10	Westelijk Havengebied	2016	200	136
E12	Houthavens	2016	1044	539
E13	Spaarndammer- en Zeeheldenbuurt	2016	10888	5408
E14	Staatsliedenbuurt	2016	13187	6596
E15	Centrale Markt	2016	2501	1212
E16	Frederik Hendrikbuurt	2016	8496	4189
E17	Da Costabuurt	2016	4688	2344
E18	Kinkerbuurt	2016	6358	3302
E19	Van Lennepbuurt	2016	7078	3492
E20	Helmersbuurt	2016	7506	3591
E21	Overtoomse Sluis	2016	7788	3766
E22	Vondelbuurt	2016	1868	939
E36	Sloterdijk	2016	515	305
E37	Landlust	2016	19082	9497
E38	Erasmuspark	2016	5891	2867
E39	De Kolenkit	2016	9577	4638
E40	Geuzenbuurt	2016	6840	3253
E41	Van Galenbuurt	2016	6992	3792
E42	Hoofdweg e,o,	2016	10481	5199
E43	Westindische Buurt	2016	6938	3318
E75	Chassébuurt	2016	6246	3043
F11	Bedrijventerrein Sloterdijk	2016	106	75
F76	Slotermeer-Noordoost	2016	9474	4875
F77	Slotermeer-Zuidwest	2016	17290	8783
F78	Geuzenveld	2016	15478	7815
F79	Eendracht	2016	2392	1173
F80	Lutkemeer/Ookmeer	2016	850	435
F81	Osdorp-Oost	2016	15930	7749
F82	Osdorp-Midden	2016	15883	7749
F83	De Punt	2016	5897	2998
F84	Middelveldsche Akerpolder	2016	14488	7149
F85	Slotervaart-Noord	2016	7990	4022
F86	Overtoomse Veld	2016	12139	6037
F87	Westlandgracht	2016	7837	4124
F88	Sloter-/Riekerpolder	2016	13977	6865
F89	Slotervaart-Zuid	2016	9666	4697
K23	Zuidas	2016	2256	1238
K24	Oude Pijp	2016	14871	7505
K25	Nieuwe Pijp	2016	12406	5959
K26	Zuid-Pijp	2016	8276	3926
K44	Hoofddorppleinbuurt	2016	11767	5431
K45	Schinkelbuurt	2016	3844	1816
K46	Willemspark	2016	5647	2817
K47	Museumkwartier	2016	12866	6213
K48	Stadionbuurt	2016	11646	5453
K49	Apollobuurt	2016	8764	4150
K52	Scheldebuurt	2016	14752	6808
K53	IJselbuurt	2016	5360	2585
K54	Rijnbuurt	2016	9128	4241
K59	Prinses Irenebuurt e,o,	2016	1318	583
K90	Buitenveldert-West	2016	12697	5868
K91	Buitenveldert-Oost	2016	7660	3580
M27	Weesperzijde	2016	5225	2639
M28	Oosterparkbuurt	2016	10957	5491
M29	Dapperbuurt	2016	9255	4578
M30	Transvaalbuurt	2016	9426	4633
M31	Indische Buurt-West	2016	12590	6332
M32	Indische Buurt-Oost	2016	10379	5270
M33	Oostelijk Havengebied	2016	18495	9322
M34	Zeeburgereiland/Nieuwe diep	2016	1204	632
M35	IJburg-West	2016	14431	7166
M50	IJburg-Oost	2016		
M51	IJburg-Zuid	2016	7009	3360
M55	Frankendael	2016	11004	5463
M56	Middenmeer	2016	15308	7266
M57	Betondorp	2016	3215	1511
M58	Omval/Overamstel	2016	3923	1950
N60	Volewijck	2016	9655	4769
N61	IJplein/Vogelbuurt	2016	8246	4189
N62	Tuindorp Nieuwendam	2016	3520	1642
N63	Tuindorp Buiksloot	2016	1866	894
N64	Nieuwendammerdijk/Buiksloterdijk	2016	1690	834
N65	Tuindorp Oostzaan	2016	11168	5392
N66	Oostzanerwerf	2016	8764	4261
N67	Kadoelen	2016	3036	1465
N68	Waterlandpleinbuurt	2016	13311	6448
N69	Buikslotermeer	2016	10956	5224
N70	Banne Buiksloot	2016	14186	6862
N71	Noordelijke IJ-oevers-West	2016	1692	905
N72	Noordelijke IJ-oevers-Oost	2016	164	101
N73	Waterland	2016	2211	1137
N74	Elzenhagen	2016	2452	1244
T92	Amstel III/Bullewijk	2016	438	243
T93	Bijlmer-Centrum (D,F,H)	2016	23981	12021
T94	Bijlmer-Oost (E,G,K)	2016	27260	13608
T95	Nellestein	2016	3012	1556
T96	Holendrecht/Reigersbos	2016	18320	8678
T97	Gein	2016	11567	5689
T98	Driemond	2016	1479	711
Z99	buiten beschouwing	2016		